unique_id,ds,y_hat
aguas_claras,2024-02-19,23
aguas_claras,2024-02-20,22
aguas_claras,2024-02-21,21
aguas_claras,2024-02-22,18
aguas_claras,2024-02-23,17
aguas_claras,2024-02-24,15
aguas_claras,2024-02-25,12
aguas_claras,2024-02-26,22
aguas_claras,2024-02-27,19
aguas_claras,2024-02-28,18
aguas_claras,2024-02-29,16
aguas_claras,2024-03-01,16
aguas_claras,2024-03-02,13
aguas_claras,2024-03-03,12
aguas_claras,2024-03-04,20
aguas_claras,2024-03-05,17
aguas_claras,2024-03-06,15
aguas_claras,2024-03-07,15
aguas_claras,2024-03-08,16
aguas_claras,2024-03-09,13
aguas_claras,2024-03-10,13
aguas_claras,2024-03-11,20
aguas_claras,2024-03-12,18
aguas_claras,2024-03-13,15
aguas_claras,2024-03-14,14
aguas_claras,2024-03-15,17
aguas_claras,2024-03-16,13
aguas_claras,2024-03-17,12
aguas_claras,2024-03-18,19
aguas_claras,2024-03-19,18
aguas_claras,2024-03-20,16
aguas_claras,2024-03-21,15
aguas_claras,2024-03-22,16
aguas_claras,2024-03-23,13
aguas_claras,2024-03-24,12
aguas_claras,2024-03-25,19
aguas_claras,2024-03-26,17
aguas_claras,2024-03-27,16
aguas_claras,2024-03-28,15
aguas_claras,2024-03-29,16
aguas_claras,2024-03-30,13
aguas_claras,2024-03-31,12
aguas_claras,2024-04-01,19
aguas_claras,2024-04-02,17
aguas_claras,2024-04-03,16
aguas_claras,2024-04-04,15
aguas_claras,2024-04-05,16
aguas_claras,2024-04-06,13
aguas_claras,2024-04-07,13
aguas_claras,2024-04-08,20
aguas_claras,2024-04-09,17
aguas_claras,2024-04-10,16
aguas_claras,2024-04-11,15
aguas_claras,2024-04-12,18
aguas_claras,2024-04-13,15
aguas_claras,2024-04-14,12
aguas_claras,2024-04-15,18
aguas_claras,2024-04-16,17
aguas_claras,2024-04-17,16
aguas_claras,2024-04-18,15
aguas_claras,2024-04-19,15
aguas_claras,2024-04-20,13
aguas_claras,2024-04-21,13
aguas_claras,2024-04-22,18
aguas_claras,2024-04-23,17
aguas_claras,2024-04-24,15
aguas_claras,2024-04-25,14
aguas_claras,2024-04-26,17
aguas_claras,2024-04-27,14
aguas_claras,2024-04-28,12
aguas_claras,2024-04-29,16
aguas_claras,2024-04-30,16
aguas_claras,2024-05-01,16
arniqueira,2024-02-19,1
arniqueira,2024-02-20,1
arniqueira,2024-02-21,1
arniqueira,2024-02-22,1
arniqueira,2024-02-23,1
arniqueira,2024-02-24,1
arniqueira,2024-02-25,1
arniqueira,2024-02-26,1
arniqueira,2024-02-27,1
arniqueira,2024-02-28,1
arniqueira,2024-02-29,1
arniqueira,2024-03-01,1
arniqueira,2024-03-02,1
arniqueira,2024-03-03,1
arniqueira,2024-03-04,2
arniqueira,2024-03-05,1
arniqueira,2024-03-06,1
arniqueira,2024-03-07,1
arniqueira,2024-03-08,1
arniqueira,2024-03-09,1
arniqueira,2024-03-10,1
arniqueira,2024-03-11,2
arniqueira,2024-03-12,1
arniqueira,2024-03-13,1
arniqueira,2024-03-14,1
arniqueira,2024-03-15,1
arniqueira,2024-03-16,1
arniqueira,2024-03-17,1
arniqueira,2024-03-18,2
arniqueira,2024-03-19,1
arniqueira,2024-03-20,1
arniqueira,2024-03-21,1
arniqueira,2024-03-22,1
arniqueira,2024-03-23,1
arniqueira,2024-03-24,1
arniqueira,2024-03-25,2
arniqueira,2024-03-26,1
arniqueira,2024-03-27,1
arniqueira,2024-03-28,1
arniqueira,2024-03-29,1
arniqueira,2024-03-30,1
arniqueira,2024-03-31,1
arniqueira,2024-04-01,2
arniqueira,2024-04-02,1
arniqueira,2024-04-03,1
arniqueira,2024-04-04,1
arniqueira,2024-04-05,1
arniqueira,2024-04-06,1
arniqueira,2024-04-07,1
arniqueira,2024-04-08,2
arniqueira,2024-04-09,1
arniqueira,2024-04-10,1
arniqueira,2024-04-11,1
arniqueira,2024-04-12,1
arniqueira,2024-04-13,1
arniqueira,2024-04-14,1
arniqueira,2024-04-15,2
arniqueira,2024-04-16,1
arniqueira,2024-04-17,1
arniqueira,2024-04-18,1
arniqueira,2024-04-19,1
arniqueira,2024-04-20,1
arniqueira,2024-04-21,1
arniqueira,2024-04-22,2
arniqueira,2024-04-23,1
arniqueira,2024-04-24,1
arniqueira,2024-04-25,1
arniqueira,2024-04-26,1
arniqueira,2024-04-27,1
arniqueira,2024-04-28,1
arniqueira,2024-04-29,2
arniqueira,2024-04-30,1
arniqueira,2024-05-01,1
brazlandia,2024-02-18,2
brazlandia,2024-02-19,3
brazlandia,2024-02-20,2
brazlandia,2024-02-21,2
brazlandia,2024-02-22,2
brazlandia,2024-02-23,2
brazlandia,2024-02-24,2
brazlandia,2024-02-25,1
brazlandia,2024-02-26,2
brazlandia,2024-02-27,2
brazlandia,2024-02-28,2
brazlandia,2024-02-29,2
brazlandia,2024-03-01,2
brazlandia,2024-03-02,2
brazlandia,2024-03-03,1
brazlandia,2024-03-04,2
brazlandia,2024-03-05,2
brazlandia,2024-03-06,2
brazlandia,2024-03-07,2
brazlandia,2024-03-08,2
brazlandia,2024-03-09,1
brazlandia,2024-03-10,1
brazlandia,2024-03-11,2
brazlandia,2024-03-12,2
brazlandia,2024-03-13,2
brazlandia,2024-03-14,1
brazlandia,2024-03-15,1
brazlandia,2024-03-16,1
brazlandia,2024-03-17,1
brazlandia,2024-03-18,2
brazlandia,2024-03-19,1
brazlandia,2024-03-20,1
brazlandia,2024-03-21,1
brazlandia,2024-03-22,1
brazlandia,2024-03-23,1
brazlandia,2024-03-24,1
brazlandia,2024-03-25,2
brazlandia,2024-03-26,2
brazlandia,2024-03-27,1
brazlandia,2024-03-28,1
brazlandia,2024-03-29,1
brazlandia,2024-03-30,1
brazlandia,2024-03-31,1
brazlandia,2024-04-01,2
brazlandia,2024-04-02,2
brazlandia,2024-04-03,1
brazlandia,2024-04-04,1
brazlandia,2024-04-05,1
brazlandia,2024-04-06,1
brazlandia,2024-04-07,1
brazlandia,2024-04-08,2
brazlandia,2024-04-09,1
brazlandia,2024-04-10,1
brazlandia,2024-04-11,1
brazlandia,2024-04-12,1
brazlandia,2024-04-13,1
brazlandia,2024-04-14,1
brazlandia,2024-04-15,2
brazlandia,2024-04-16,1
brazlandia,2024-04-17,1
brazlandia,2024-04-18,1
brazlandia,2024-04-19,1
brazlandia,2024-04-20,1
brazlandia,2024-04-21,1
brazlandia,2024-04-22,2
brazlandia,2024-04-23,1
brazlandia,2024-04-24,1
brazlandia,2024-04-25,1
brazlandia,2024-04-26,1
brazlandia,2024-04-27,1
brazlandia,2024-04-28,1
brazlandia,2024-04-29,2
brazlandia,2024-04-30,1
candangolandia,2024-02-17,1
candangolandia,2024-02-18,1
candangolandia,2024-02-19,2
candangolandia,2024-02-20,1
candangolandia,2024-02-21,1
candangolandia,2024-02-22,1
candangolandia,2024-02-23,1
candangolandia,2024-02-24,1
candangolandia,2024-02-25,1
candangolandia,2024-02-26,2
candangolandia,2024-02-27,1
candangolandia,2024-02-28,1
candangolandia,2024-02-29,1
candangolandia,2024-03-01,1
candangolandia,2024-03-02,1
candangolandia,2024-03-03,1
candangolandia,2024-03-04,2
candangolandia,2024-03-05,1
candangolandia,2024-03-06,1
candangolandia,2024-03-07,1
candangolandia,2024-03-08,1
candangolandia,2024-03-09,1
candangolandia,2024-03-10,1
candangolandia,2024-03-11,2
candangolandia,2024-03-12,1
candangolandia,2024-03-13,1
candangolandia,2024-03-14,1
candangolandia,2024-03-15,1
candangolandia,2024-03-16,1
candangolandia,2024-03-17,1
candangolandia,2024-03-18,2
candangolandia,2024-03-19,1
candangolandia,2024-03-20,1
candangolandia,2024-03-21,1
candangolandia,2024-03-22,1
candangolandia,2024-03-23,1
candangolandia,2024-03-24,1
candangolandia,2024-03-25,2
candangolandia,2024-03-26,1
candangolandia,2024-03-27,1
candangolandia,2024-03-28,1
candangolandia,2024-03-29,1
candangolandia,2024-03-30,1
candangolandia,2024-03-31,1
candangolandia,2024-04-01,2
candangolandia,2024-04-02,1
candangolandia,2024-04-03,1
candangolandia,2024-04-04,1
candangolandia,2024-04-05,1
candangolandia,2024-04-06,1
candangolandia,2024-04-07,1
candangolandia,2024-04-08,2
candangolandia,2024-04-09,1
candangolandia,2024-04-10,1
candangolandia,2024-04-11,1
candangolandia,2024-04-12,1
candangolandia,2024-04-13,1
candangolandia,2024-04-14,1
candangolandia,2024-04-15,2
candangolandia,2024-04-16,1
candangolandia,2024-04-17,1
candangolandia,2024-04-18,1
candangolandia,2024-04-19,1
candangolandia,2024-04-20,1
candangolandia,2024-04-21,1
candangolandia,2024-04-22,2
candangolandia,2024-04-23,1
candangolandia,2024-04-24,1
candangolandia,2024-04-25,1
candangolandia,2024-04-26,1
candangolandia,2024-04-27,1
candangolandia,2024-04-28,1
candangolandia,2024-04-29,2
ceilandia,2024-02-19,15
ceilandia,2024-02-20,17
ceilandia,2024-02-21,7
ceilandia,2024-02-22,9
ceilandia,2024-02-23,10
ceilandia,2024-02-24,6
ceilandia,2024-02-25,3
ceilandia,2024-02-26,6
ceilandia,2024-02-27,6
ceilandia,2024-02-28,8
ceilandia,2024-02-29,9
ceilandia,2024-03-01,8
ceilandia,2024-03-02,5
ceilandia,2024-03-03,5
ceilandia,2024-03-04,11
ceilandia,2024-03-05,8
ceilandia,2024-03-06,6
ceilandia,2024-03-07,8
ceilandia,2024-03-08,9
ceilandia,2024-03-09,6
ceilandia,2024-03-10,6
ceilandia,2024-03-11,12
ceilandia,2024-03-12,11
ceilandia,2024-03-13,9
ceilandia,2024-03-14,9
ceilandia,2024-03-15,10
ceilandia,2024-03-16,8
ceilandia,2024-03-17,11
ceilandia,2024-03-18,17
ceilandia,2024-03-19,12
ceilandia,2024-03-20,13
ceilandia,2024-03-21,12
ceilandia,2024-03-22,16
ceilandia,2024-03-23,14
ceilandia,2024-03-24,13
ceilandia,2024-03-25,20
ceilandia,2024-03-26,16
ceilandia,2024-03-27,16
ceilandia,2024-03-28,12
ceilandia,2024-03-29,17
ceilandia,2024-03-30,15
ceilandia,2024-03-31,10
ceilandia,2024-04-01,16
ceilandia,2024-04-02,19
ceilandia,2024-04-03,15
ceilandia,2024-04-04,15
ceilandia,2024-04-05,18
ceilandia,2024-04-06,10
ceilandia,2024-04-07,14
ceilandia,2024-04-08,15
ceilandia,2024-04-09,16
ceilandia,2024-04-10,19
ceilandia,2024-04-11,11
ceilandia,2024-04-12,20
ceilandia,2024-04-13,13
ceilandia,2024-04-14,10
ceilandia,2024-04-15,18
ceilandia,2024-04-16,12
ceilandia,2024-04-17,15
ceilandia,2024-04-18,13
ceilandia,2024-04-19,14
ceilandia,2024-04-20,13
ceilandia,2024-04-21,10
ceilandia,2024-04-22,11
ceilandia,2024-04-23,9
ceilandia,2024-04-24,8
ceilandia,2024-04-25,8
ceilandia,2024-04-26,10
ceilandia,2024-04-27,7
ceilandia,2024-04-28,7
ceilandia,2024-04-29,14
ceilandia,2024-04-30,13
ceilandia,2024-05-01,16
cruzeiro,2024-02-18,2
cruzeiro,2024-02-19,4
cruzeiro,2024-02-20,4
cruzeiro,2024-02-21,4
cruzeiro,2024-02-22,4
cruzeiro,2024-02-23,4
cruzeiro,2024-02-24,3
cruzeiro,2024-02-25,2
cruzeiro,2024-02-26,4
cruzeiro,2024-02-27,3
cruzeiro,2024-02-28,3
cruzeiro,2024-02-29,3
cruzeiro,2024-03-01,3
cruzeiro,2024-03-02,2
cruzeiro,2024-03-03,2
cruzeiro,2024-03-04,3
cruzeiro,2024-03-05,3
cruzeiro,2024-03-06,3
cruzeiro,2024-03-07,3
cruzeiro,2024-03-08,3
cruzeiro,2024-03-09,2
cruzeiro,2024-03-10,2
cruzeiro,2024-03-11,3
cruzeiro,2024-03-12,3
cruzeiro,2024-03-13,2
cruzeiro,2024-03-14,2
cruzeiro,2024-03-15,2
cruzeiro,2024-03-16,2
cruzeiro,2024-03-17,2
cruzeiro,2024-03-18,3
cruzeiro,2024-03-19,2
cruzeiro,2024-03-20,2
cruzeiro,2024-03-21,2
cruzeiro,2024-03-22,2
cruzeiro,2024-03-23,2
cruzeiro,2024-03-24,2
cruzeiro,2024-03-25,3
cruzeiro,2024-03-26,2
cruzeiro,2024-03-27,2
cruzeiro,2024-03-28,2
cruzeiro,2024-03-29,2
cruzeiro,2024-03-30,2
cruzeiro,2024-03-31,1
cruzeiro,2024-04-01,2
cruzeiro,2024-04-02,2
cruzeiro,2024-04-03,2
cruzeiro,2024-04-04,2
cruzeiro,2024-04-05,2
cruzeiro,2024-04-06,2
cruzeiro,2024-04-07,1
cruzeiro,2024-04-08,2
cruzeiro,2024-04-09,2
cruzeiro,2024-04-10,2
cruzeiro,2024-04-11,2
cruzeiro,2024-04-12,2
cruzeiro,2024-04-13,1
cruzeiro,2024-04-14,1
cruzeiro,2024-04-15,2
cruzeiro,2024-04-16,2
cruzeiro,2024-04-17,2
cruzeiro,2024-04-18,2
cruzeiro,2024-04-19,2
cruzeiro,2024-04-20,1
cruzeiro,2024-04-21,1
cruzeiro,2024-04-22,2
cruzeiro,2024-04-23,2
cruzeiro,2024-04-24,2
cruzeiro,2024-04-25,2
cruzeiro,2024-04-26,2
cruzeiro,2024-04-27,1
cruzeiro,2024-04-28,1
cruzeiro,2024-04-29,2
cruzeiro,2024-04-30,2
fercal,2024-02-07,1
fercal,2024-02-08,1
fercal,2024-02-09,1
fercal,2024-02-10,1
fercal,2024-02-11,1
fercal,2024-02-12,1
fercal,2024-02-13,1
fercal,2024-02-14,1
fercal,2024-02-15,1
fercal,2024-02-16,1
fercal,2024-02-17,1
fercal,2024-02-18,1
fercal,2024-02-19,2
fercal,2024-02-20,1
fercal,2024-02-21,1
fercal,2024-02-22,1
fercal,2024-02-23,1
fercal,2024-02-24,1
fercal,2024-02-25,1
fercal,2024-02-26,2
fercal,2024-02-27,1
fercal,2024-02-28,1
fercal,2024-02-29,1
fercal,2024-03-01,1
fercal,2024-03-02,1
fercal,2024-03-03,1
fercal,2024-03-04,2
fercal,2024-03-05,1
fercal,2024-03-06,1
fercal,2024-03-07,1
fercal,2024-03-08,1
fercal,2024-03-09,1
fercal,2024-03-10,1
fercal,2024-03-11,2
fercal,2024-03-12,1
fercal,2024-03-13,1
fercal,2024-03-14,1
fercal,2024-03-15,1
fercal,2024-03-16,1
fercal,2024-03-17,1
fercal,2024-03-18,2
fercal,2024-03-19,1
fercal,2024-03-20,1
fercal,2024-03-21,1
fercal,2024-03-22,1
fercal,2024-03-23,1
fercal,2024-03-24,1
fercal,2024-03-25,2
fercal,2024-03-26,1
fercal,2024-03-27,1
fercal,2024-03-28,1
fercal,2024-03-29,1
fercal,2024-03-30,1
fercal,2024-03-31,1
fercal,2024-04-01,2
fercal,2024-04-02,1
fercal,2024-04-03,1
fercal,2024-04-04,1
fercal,2024-04-05,1
fercal,2024-04-06,1
fercal,2024-04-07,1
fercal,2024-04-08,2
fercal,2024-04-09,1
fercal,2024-04-10,1
fercal,2024-04-11,1
fercal,2024-04-12,1
fercal,2024-04-13,1
fercal,2024-04-14,1
fercal,2024-04-15,2
fercal,2024-04-16,1
fercal,2024-04-17,1
fercal,2024-04-18,1
fercal,2024-04-19,1
gama,2024-02-19,7
gama,2024-02-20,8
gama,2024-02-21,6
gama,2024-02-22,6
gama,2024-02-23,7
gama,2024-02-24,6
gama,2024-02-25,4
gama,2024-02-26,9
gama,2024-02-27,8
gama,2024-02-28,6
gama,2024-02-29,6
gama,2024-03-01,6
gama,2024-03-02,5
gama,2024-03-03,4
gama,2024-03-04,9
gama,2024-03-05,7
gama,2024-03-06,7
gama,2024-03-07,7
gama,2024-03-08,7
gama,2024-03-09,7
gama,2024-03-10,5
gama,2024-03-11,9
gama,2024-03-12,7
gama,2024-03-13,6
gama,2024-03-14,5
gama,2024-03-15,6
gama,2024-03-16,6
gama,2024-03-17,5
gama,2024-03-18,9
gama,2024-03-19,7
gama,2024-03-20,6
gama,2024-03-21,7
gama,2024-03-22,8
gama,2024-03-23,7
gama,2024-03-24,6
gama,2024-03-25,10
gama,2024-03-26,7
gama,2024-03-27,7
gama,2024-03-28,9
gama,2024-03-29,8
gama,2024-03-30,8
gama,2024-03-31,6
gama,2024-04-01,10
gama,2024-04-02,9
gama,2024-04-03,6
gama,2024-04-04,9
gama,2024-04-05,9
gama,2024-04-06,6
gama,2024-04-07,4
gama,2024-04-08,9
gama,2024-04-09,7
gama,2024-04-10,7
gama,2024-04-11,7
gama,2024-04-12,6
gama,2024-04-13,6
gama,2024-04-14,4
gama,2024-04-15,9
gama,2024-04-16,7
gama,2024-04-17,6
gama,2024-04-18,5
gama,2024-04-19,5
gama,2024-04-20,7
gama,2024-04-21,4
gama,2024-04-22,7
gama,2024-04-23,7
gama,2024-04-24,6
gama,2024-04-25,6
gama,2024-04-26,7
gama,2024-04-27,5
gama,2024-04-28,4
gama,2024-04-29,8
gama,2024-04-30,6
gama,2024-05-01,7
guara,2024-02-19,20
guara,2024-02-20,20
guara,2024-02-21,19
guara,2024-02-22,18
guara,2024-02-23,18
guara,2024-02-24,16
guara,2024-02-25,12
guara,2024-02-26,21
guara,2024-02-27,19
guara,2024-02-28,18
guara,2024-02-29,15
guara,2024-03-01,15
guara,2024-03-02,13
guara,2024-03-03,13
guara,2024-03-04,22
guara,2024-03-05,19
guara,2024-03-06,17
guara,2024-03-07,15
guara,2024-03-08,17
guara,2024-03-09,14
guara,2024-03-10,11
guara,2024-03-11,20
guara,2024-03-12,17
guara,2024-03-13,15
guara,2024-03-14,15
guara,2024-03-15,15
guara,2024-03-16,13
guara,2024-03-17,12
guara,2024-03-18,18
guara,2024-03-19,17
guara,2024-03-20,15
guara,2024-03-21,14
guara,2024-03-22,15
guara,2024-03-23,13
guara,2024-03-24,13
guara,2024-03-25,20
guara,2024-03-26,17
guara,2024-03-27,16
guara,2024-03-28,14
guara,2024-03-29,16
guara,2024-03-30,13
guara,2024-03-31,12
guara,2024-04-01,19
guara,2024-04-02,17
guara,2024-04-03,15
guara,2024-04-04,15
guara,2024-04-05,16
guara,2024-04-06,13
guara,2024-04-07,12
guara,2024-04-08,19
guara,2024-04-09,17
guara,2024-04-10,16
guara,2024-04-11,15
guara,2024-04-12,17
guara,2024-04-13,14
guara,2024-04-14,12
guara,2024-04-15,17
guara,2024-04-16,17
guara,2024-04-17,15
guara,2024-04-18,15
guara,2024-04-19,15
guara,2024-04-20,13
guara,2024-04-21,13
guara,2024-04-22,18
guara,2024-04-23,17
guara,2024-04-24,15
guara,2024-04-25,14
guara,2024-04-26,17
guara,2024-04-27,14
guara,2024-04-28,12
guara,2024-04-29,17
guara,2024-04-30,16
guara,2024-05-01,16
itapoa,2024-02-17,1
itapoa,2024-02-18,1
itapoa,2024-02-19,1
itapoa,2024-02-20,1
itapoa,2024-02-21,1
itapoa,2024-02-22,1
itapoa,2024-02-23,1
itapoa,2024-02-24,1
itapoa,2024-02-25,1
itapoa,2024-02-26,2
itapoa,2024-02-27,1
itapoa,2024-02-28,1
itapoa,2024-02-29,1
itapoa,2024-03-01,1
itapoa,2024-03-02,1
itapoa,2024-03-03,1
itapoa,2024-03-04,2
itapoa,2024-03-05,1
itapoa,2024-03-06,1
itapoa,2024-03-07,1
itapoa,2024-03-08,1
itapoa,2024-03-09,1
itapoa,2024-03-10,1
itapoa,2024-03-11,2
itapoa,2024-03-12,1
itapoa,2024-03-13,1
itapoa,2024-03-14,1
itapoa,2024-03-15,1
itapoa,2024-03-16,1
itapoa,2024-03-17,1
itapoa,2024-03-18,2
itapoa,2024-03-19,1
itapoa,2024-03-20,1
itapoa,2024-03-21,1
itapoa,2024-03-22,1
itapoa,2024-03-23,1
itapoa,2024-03-24,1
itapoa,2024-03-25,2
itapoa,2024-03-26,1
itapoa,2024-03-27,1
itapoa,2024-03-28,1
itapoa,2024-03-29,1
itapoa,2024-03-30,1
itapoa,2024-03-31,1
itapoa,2024-04-01,2
itapoa,2024-04-02,1
itapoa,2024-04-03,1
itapoa,2024-04-04,1
itapoa,2024-04-05,1
itapoa,2024-04-06,1
itapoa,2024-04-07,1
itapoa,2024-04-08,2
itapoa,2024-04-09,1
itapoa,2024-04-10,1
itapoa,2024-04-11,1
itapoa,2024-04-12,1
itapoa,2024-04-13,1
itapoa,2024-04-14,1
itapoa,2024-04-15,2
itapoa,2024-04-16,1
itapoa,2024-04-17,1
itapoa,2024-04-18,1
itapoa,2024-04-19,1
itapoa,2024-04-20,1
itapoa,2024-04-21,1
itapoa,2024-04-22,2
itapoa,2024-04-23,1
itapoa,2024-04-24,1
itapoa,2024-04-25,1
itapoa,2024-04-26,1
itapoa,2024-04-27,1
itapoa,2024-04-28,1
itapoa,2024-04-29,2
jardim_botanico,2024-02-19,5
jardim_botanico,2024-02-20,5
jardim_botanico,2024-02-21,5
jardim_botanico,2024-02-22,5
jardim_botanico,2024-02-23,5
jardim_botanico,2024-02-24,3
jardim_botanico,2024-02-25,3
jardim_botanico,2024-02-26,5
jardim_botanico,2024-02-27,4
jardim_botanico,2024-02-28,4
jardim_botanico,2024-02-29,4
jardim_botanico,2024-03-01,4
jardim_botanico,2024-03-02,3
jardim_botanico,2024-03-03,2
jardim_botanico,2024-03-04,4
jardim_botanico,2024-03-05,3
jardim_botanico,2024-03-06,3
jardim_botanico,2024-03-07,3
jardim_botanico,2024-03-08,3
jardim_botanico,2024-03-09,2
jardim_botanico,2024-03-10,2
jardim_botanico,2024-03-11,3
jardim_botanico,2024-03-12,3
jardim_botanico,2024-03-13,3
jardim_botanico,2024-03-14,3
jardim_botanico,2024-03-15,3
jardim_botanico,2024-03-16,2
jardim_botanico,2024-03-17,2
jardim_botanico,2024-03-18,3
jardim_botanico,2024-03-19,3
jardim_botanico,2024-03-20,3
jardim_botanico,2024-03-21,2
jardim_botanico,2024-03-22,3
jardim_botanico,2024-03-23,2
jardim_botanico,2024-03-24,2
jardim_botanico,2024-03-25,3
jardim_botanico,2024-03-26,3
jardim_botanico,2024-03-27,2
jardim_botanico,2024-03-28,2
jardim_botanico,2024-03-29,3
jardim_botanico,2024-03-30,2
jardim_botanico,2024-03-31,1
jardim_botanico,2024-04-01,2
jardim_botanico,2024-04-02,2
jardim_botanico,2024-04-03,2
jardim_botanico,2024-04-04,2
jardim_botanico,2024-04-05,2
jardim_botanico,2024-04-06,2
jardim_botanico,2024-04-07,1
jardim_botanico,2024-04-08,2
jardim_botanico,2024-04-09,2
jardim_botanico,2024-04-10,2
jardim_botanico,2024-04-11,2
jardim_botanico,2024-04-12,2
jardim_botanico,2024-04-13,2
jardim_botanico,2024-04-14,1
jardim_botanico,2024-04-15,2
jardim_botanico,2024-04-16,2
jardim_botanico,2024-04-17,2
jardim_botanico,2024-04-18,2
jardim_botanico,2024-04-19,2
jardim_botanico,2024-04-20,1
jardim_botanico,2024-04-21,1
jardim_botanico,2024-04-22,2
jardim_botanico,2024-04-23,2
jardim_botanico,2024-04-24,2
jardim_botanico,2024-04-25,2
jardim_botanico,2024-04-26,2
jardim_botanico,2024-04-27,1
jardim_botanico,2024-04-28,1
jardim_botanico,2024-04-29,2
jardim_botanico,2024-04-30,2
jardim_botanico,2024-05-01,2
lago_norte,2024-02-19,8
lago_norte,2024-02-20,8
lago_norte,2024-02-21,9
lago_norte,2024-02-22,9
lago_norte,2024-02-23,9
lago_norte,2024-02-24,7
lago_norte,2024-02-25,5
lago_norte,2024-02-26,9
lago_norte,2024-02-27,8
lago_norte,2024-02-28,8
lago_norte,2024-02-29,8
lago_norte,2024-03-01,8
lago_norte,2024-03-02,6
lago_norte,2024-03-03,5
lago_norte,2024-03-04,8
lago_norte,2024-03-05,8
lago_norte,2024-03-06,7
lago_norte,2024-03-07,7
lago_norte,2024-03-08,7
lago_norte,2024-03-09,6
lago_norte,2024-03-10,5
lago_norte,2024-03-11,9
lago_norte,2024-03-12,7
lago_norte,2024-03-13,7
lago_norte,2024-03-14,7
lago_norte,2024-03-15,7
lago_norte,2024-03-16,6
lago_norte,2024-03-17,5
lago_norte,2024-03-18,8
lago_norte,2024-03-19,7
lago_norte,2024-03-20,7
lago_norte,2024-03-21,7
lago_norte,2024-03-22,7
lago_norte,2024-03-23,6
lago_norte,2024-03-24,5
lago_norte,2024-03-25,9
lago_norte,2024-03-26,7
lago_norte,2024-03-27,7
lago_norte,2024-03-28,7
lago_norte,2024-03-29,7
lago_norte,2024-03-30,6
lago_norte,2024-03-31,5
lago_norte,2024-04-01,8
lago_norte,2024-04-02,8
lago_norte,2024-04-03,7
lago_norte,2024-04-04,7
lago_norte,2024-04-05,7
lago_norte,2024-04-06,6
lago_norte,2024-04-07,5
lago_norte,2024-04-08,9
lago_norte,2024-04-09,7
lago_norte,2024-04-10,7
lago_norte,2024-04-11,7
lago_norte,2024-04-12,7
lago_norte,2024-04-13,6
lago_norte,2024-04-14,5
lago_norte,2024-04-15,8
lago_norte,2024-04-16,8
lago_norte,2024-04-17,7
lago_norte,2024-04-18,7
lago_norte,2024-04-19,7
lago_norte,2024-04-20,6
lago_norte,2024-04-21,5
lago_norte,2024-04-22,9
lago_norte,2024-04-23,7
lago_norte,2024-04-24,7
lago_norte,2024-04-25,7
lago_norte,2024-04-26,7
lago_norte,2024-04-27,6
lago_norte,2024-04-28,5
lago_norte,2024-04-29,8
lago_norte,2024-04-30,8
lago_norte,2024-05-01,8
lago_sul,2024-02-19,12
lago_sul,2024-02-20,12
lago_sul,2024-02-21,13
lago_sul,2024-02-22,14
lago_sul,2024-02-23,14
lago_sul,2024-02-24,12
lago_sul,2024-02-25,11
lago_sul,2024-02-26,13
lago_sul,2024-02-27,14
lago_sul,2024-02-28,14
lago_sul,2024-02-29,13
lago_sul,2024-03-01,17
lago_sul,2024-03-02,13
lago_sul,2024-03-03,11
lago_sul,2024-03-04,20
lago_sul,2024-03-05,20
lago_sul,2024-03-06,18
lago_sul,2024-03-07,17
lago_sul,2024-03-08,20
lago_sul,2024-03-09,15
lago_sul,2024-03-10,12
lago_sul,2024-03-11,25
lago_sul,2024-03-12,17
lago_sul,2024-03-13,20
lago_sul,2024-03-14,17
lago_sul,2024-03-15,22
lago_sul,2024-03-16,16
lago_sul,2024-03-17,12
lago_sul,2024-03-18,21
lago_sul,2024-03-19,21
lago_sul,2024-03-20,21
lago_sul,2024-03-21,18
lago_sul,2024-03-22,18
lago_sul,2024-03-23,20
lago_sul,2024-03-24,15
lago_sul,2024-03-25,25
lago_sul,2024-03-26,17
lago_sul,2024-03-27,17
lago_sul,2024-03-28,14
lago_sul,2024-03-29,18
lago_sul,2024-03-30,20
lago_sul,2024-03-31,18
lago_sul,2024-04-01,21
lago_sul,2024-04-02,21
lago_sul,2024-04-03,18
lago_sul,2024-04-04,15
lago_sul,2024-04-05,15
lago_sul,2024-04-06,15
lago_sul,2024-04-07,14
lago_sul,2024-04-08,23
lago_sul,2024-04-09,16
lago_sul,2024-04-10,15
lago_sul,2024-04-11,14
lago_sul,2024-04-12,18
lago_sul,2024-04-13,15
lago_sul,2024-04-14,10
lago_sul,2024-04-15,21
lago_sul,2024-04-16,18
lago_sul,2024-04-17,19
lago_sul,2024-04-18,16
lago_sul,2024-04-19,18
lago_sul,2024-04-20,14
lago_sul,2024-04-21,13
lago_sul,2024-04-22,23
lago_sul,2024-04-23,21
lago_sul,2024-04-24,18
lago_sul,2024-04-25,15
lago_sul,2024-04-26,15
lago_sul,2024-04-27,15
lago_sul,2024-04-28,10
lago_sul,2024-04-29,19
lago_sul,2024-04-30,19
lago_sul,2024-05-01,17
nucleo_bandeirante,2024-02-17,2
nucleo_bandeirante,2024-02-18,2
nucleo_bandeirante,2024-02-19,2
nucleo_bandeirante,2024-02-20,2
nucleo_bandeirante,2024-02-21,2
nucleo_bandeirante,2024-02-22,2
nucleo_bandeirante,2024-02-23,2
nucleo_bandeirante,2024-02-24,2
nucleo_bandeirante,2024-02-25,1
nucleo_bandeirante,2024-02-26,2
nucleo_bandeirante,2024-02-27,2
nucleo_bandeirante,2024-02-28,2
nucleo_bandeirante,2024-02-29,2
nucleo_bandeirante,2024-03-01,2
nucleo_bandeirante,2024-03-02,2
nucleo_bandeirante,2024-03-03,1
nucleo_bandeirante,2024-03-04,2
nucleo_bandeirante,2024-03-05,2
nucleo_bandeirante,2024-03-06,2
nucleo_bandeirante,2024-03-07,2
nucleo_bandeirante,2024-03-08,2
nucleo_bandeirante,2024-03-09,1
nucleo_bandeirante,2024-03-10,1
nucleo_bandeirante,2024-03-11,2
nucleo_bandeirante,2024-03-12,2
nucleo_bandeirante,2024-03-13,2
nucleo_bandeirante,2024-03-14,1
nucleo_bandeirante,2024-03-15,1
nucleo_bandeirante,2024-03-16,1
nucleo_bandeirante,2024-03-17,1
nucleo_bandeirante,2024-03-18,2
nucleo_bandeirante,2024-03-19,1
nucleo_bandeirante,2024-03-20,1
nucleo_bandeirante,2024-03-21,1
nucleo_bandeirante,2024-03-22,1
nucleo_bandeirante,2024-03-23,1
nucleo_bandeirante,2024-03-24,1
nucleo_bandeirante,2024-03-25,2
nucleo_bandeirante,2024-03-26,1
nucleo_bandeirante,2024-03-27,1
nucleo_bandeirante,2024-03-28,1
nucleo_bandeirante,2024-03-29,1
nucleo_bandeirante,2024-03-30,1
nucleo_bandeirante,2024-03-31,1
nucleo_bandeirante,2024-04-01,2
nucleo_bandeirante,2024-04-02,1
nucleo_bandeirante,2024-04-03,1
nucleo_bandeirante,2024-04-04,1
nucleo_bandeirante,2024-04-05,1
nucleo_bandeirante,2024-04-06,1
nucleo_bandeirante,2024-04-07,1
nucleo_bandeirante,2024-04-08,2
nucleo_bandeirante,2024-04-09,1
nucleo_bandeirante,2024-04-10,1
nucleo_bandeirante,2024-04-11,1
nucleo_bandeirante,2024-04-12,1
nucleo_bandeirante,2024-04-13,1
nucleo_bandeirante,2024-04-14,1
nucleo_bandeirante,2024-04-15,2
nucleo_bandeirante,2024-04-16,1
nucleo_bandeirante,2024-04-17,1
nucleo_bandeirante,2024-04-18,1
nucleo_bandeirante,2024-04-19,1
nucleo_bandeirante,2024-04-20,1
nucleo_bandeirante,2024-04-21,1
nucleo_bandeirante,2024-04-22,2
nucleo_bandeirante,2024-04-23,1
nucleo_bandeirante,2024-04-24,1
nucleo_bandeirante,2024-04-25,1
nucleo_bandeirante,2024-04-26,1
nucleo_bandeirante,2024-04-27,1
nucleo_bandeirante,2024-04-28,1
nucleo_bandeirante,2024-04-29,2
outros_estados,2024-02-19,12
outros_estados,2024-02-20,12
outros_estados,2024-02-21,11
outros_estados,2024-02-22,10
outros_estados,2024-02-23,9
outros_estados,2024-02-24,8
outros_estados,2024-02-25,7
outros_estados,2024-02-26,13
outros_estados,2024-02-27,13
outros_estados,2024-02-28,12
outros_estados,2024-02-29,12
outros_estados,2024-03-01,12
outros_estados,2024-03-02,10
outros_estados,2024-03-03,9
outros_estados,2024-03-04,14
outros_estados,2024-03-05,13
outros_estados,2024-03-06,13
outros_estados,2024-03-07,13
outros_estados,2024-03-08,13
outros_estados,2024-03-09,11
outros_estados,2024-03-10,9
outros_estados,2024-03-11,14
outros_estados,2024-03-12,14
outros_estados,2024-03-13,13
outros_estados,2024-03-14,12
outros_estados,2024-03-15,12
outros_estados,2024-03-16,11
outros_estados,2024-03-17,9
outros_estados,2024-03-18,14
outros_estados,2024-03-19,14
outros_estados,2024-03-20,13
outros_estados,2024-03-21,12
outros_estados,2024-03-22,13
outros_estados,2024-03-23,11
outros_estados,2024-03-24,8
outros_estados,2024-03-25,14
outros_estados,2024-03-26,13
outros_estados,2024-03-27,12
outros_estados,2024-03-28,11
outros_estados,2024-03-29,11
outros_estados,2024-03-30,9
outros_estados,2024-03-31,9
outros_estados,2024-04-01,14
outros_estados,2024-04-02,13
outros_estados,2024-04-03,12
outros_estados,2024-04-04,11
outros_estados,2024-04-05,11
outros_estados,2024-04-06,9
outros_estados,2024-04-07,9
outros_estados,2024-04-08,14
outros_estados,2024-04-09,13
outros_estados,2024-04-10,12
outros_estados,2024-04-11,11
outros_estados,2024-04-12,11
outros_estados,2024-04-13,9
outros_estados,2024-04-14,9
outros_estados,2024-04-15,14
outros_estados,2024-04-16,13
outros_estados,2024-04-17,12
outros_estados,2024-04-18,11
outros_estados,2024-04-19,11
outros_estados,2024-04-20,9
outros_estados,2024-04-21,9
outros_estados,2024-04-22,14
outros_estados,2024-04-23,13
outros_estados,2024-04-24,12
outros_estados,2024-04-25,11
outros_estados,2024-04-26,11
outros_estados,2024-04-27,9
outros_estados,2024-04-28,9
outros_estados,2024-04-29,14
outros_estados,2024-04-30,13
outros_estados,2024-05-01,12
paranoa,2024-02-19,2
paranoa,2024-02-20,2
paranoa,2024-02-21,2
paranoa,2024-02-22,2
paranoa,2024-02-23,2
paranoa,2024-02-24,2
paranoa,2024-02-25,1
paranoa,2024-02-26,2
paranoa,2024-02-27,2
paranoa,2024-02-28,2
paranoa,2024-02-29,2
paranoa,2024-03-01,2
paranoa,2024-03-02,1
paranoa,2024-03-03,1
paranoa,2024-03-04,2
paranoa,2024-03-05,2
paranoa,2024-03-06,2
paranoa,2024-03-07,1
paranoa,2024-03-08,1
paranoa,2024-03-09,1
paranoa,2024-03-10,1
paranoa,2024-03-11,2
paranoa,2024-03-12,1
paranoa,2024-03-13,1
paranoa,2024-03-14,1
paranoa,2024-03-15,1
paranoa,2024-03-16,1
paranoa,2024-03-17,1
paranoa,2024-03-18,2
paranoa,2024-03-19,1
paranoa,2024-03-20,1
paranoa,2024-03-21,1
paranoa,2024-03-22,1
paranoa,2024-03-23,1
paranoa,2024-03-24,1
paranoa,2024-03-25,2
paranoa,2024-03-26,1
paranoa,2024-03-27,1
paranoa,2024-03-28,1
paranoa,2024-03-29,1
paranoa,2024-03-30,1
paranoa,2024-03-31,1
paranoa,2024-04-01,2
paranoa,2024-04-02,1
paranoa,2024-04-03,1
paranoa,2024-04-04,1
paranoa,2024-04-05,1
paranoa,2024-04-06,1
paranoa,2024-04-07,1
paranoa,2024-04-08,2
paranoa,2024-04-09,1
paranoa,2024-04-10,1
paranoa,2024-04-11,1
paranoa,2024-04-12,1
paranoa,2024-04-13,1
paranoa,2024-04-14,1
paranoa,2024-04-15,2
paranoa,2024-04-16,1
paranoa,2024-04-17,1
paranoa,2024-04-18,1
paranoa,2024-04-19,1
paranoa,2024-04-20,1
paranoa,2024-04-21,1
paranoa,2024-04-22,2
paranoa,2024-04-23,1
paranoa,2024-04-24,1
paranoa,2024-04-25,1
paranoa,2024-04-26,1
paranoa,2024-04-27,1
paranoa,2024-04-28,1
paranoa,2024-04-29,2
paranoa,2024-04-30,1
paranoa,2024-05-01,2
park_way,2024-02-19,3
park_way,2024-02-20,3
park_way,2024-02-21,3
park_way,2024-02-22,2
park_way,2024-02-23,2
park_way,2024-02-24,2
park_way,2024-02-25,1
park_way,2024-02-26,2
park_way,2024-02-27,2
park_way,2024-02-28,2
park_way,2024-02-29,2
park_way,2024-03-01,2
park_way,2024-03-02,2
park_way,2024-03-03,1
park_way,2024-03-04,2
park_way,2024-03-05,2
park_way,2024-03-06,2
park_way,2024-03-07,2
park_way,2024-03-08,2
park_way,2024-03-09,1
park_way,2024-03-10,1
park_way,2024-03-11,2
park_way,2024-03-12,2
park_way,2024-03-13,2
park_way,2024-03-14,1
park_way,2024-03-15,1
park_way,2024-03-16,1
park_way,2024-03-17,1
park_way,2024-03-18,2
park_way,2024-03-19,1
park_way,2024-03-20,1
park_way,2024-03-21,1
park_way,2024-03-22,1
park_way,2024-03-23,1
park_way,2024-03-24,1
park_way,2024-03-25,2
park_way,2024-03-26,1
park_way,2024-03-27,1
park_way,2024-03-28,1
park_way,2024-03-29,1
park_way,2024-03-30,1
park_way,2024-03-31,1
park_way,2024-04-01,2
park_way,2024-04-02,2
park_way,2024-04-03,1
park_way,2024-04-04,1
park_way,2024-04-05,1
park_way,2024-04-06,1
park_way,2024-04-07,1
park_way,2024-04-08,2
park_way,2024-04-09,1
park_way,2024-04-10,1
park_way,2024-04-11,1
park_way,2024-04-12,1
park_way,2024-04-13,1
park_way,2024-04-14,1
park_way,2024-04-15,2
park_way,2024-04-16,1
park_way,2024-04-17,1
park_way,2024-04-18,1
park_way,2024-04-19,1
park_way,2024-04-20,1
park_way,2024-04-21,1
park_way,2024-04-22,2
park_way,2024-04-23,1
park_way,2024-04-24,1
park_way,2024-04-25,1
park_way,2024-04-26,1
park_way,2024-04-27,1
park_way,2024-04-28,1
park_way,2024-04-29,2
park_way,2024-04-30,1
park_way,2024-05-01,2
planaltina,2024-02-19,10
planaltina,2024-02-20,10
planaltina,2024-02-21,11
planaltina,2024-02-22,10
planaltina,2024-02-23,10
planaltina,2024-02-24,8
planaltina,2024-02-25,8
planaltina,2024-02-26,19
planaltina,2024-02-27,14
planaltina,2024-02-28,12
planaltina,2024-02-29,12
planaltina,2024-03-01,16
planaltina,2024-03-02,13
planaltina,2024-03-03,11
planaltina,2024-03-04,18
planaltina,2024-03-05,17
planaltina,2024-03-06,18
planaltina,2024-03-07,15
planaltina,2024-03-08,20
planaltina,2024-03-09,13
planaltina,2024-03-10,13
planaltina,2024-03-11,22
planaltina,2024-03-12,21
planaltina,2024-03-13,19
planaltina,2024-03-14,16
planaltina,2024-03-15,18
planaltina,2024-03-16,15
planaltina,2024-03-17,14
planaltina,2024-03-18,22
planaltina,2024-03-19,20
planaltina,2024-03-20,20
planaltina,2024-03-21,19
planaltina,2024-03-22,21
planaltina,2024-03-23,17
planaltina,2024-03-24,18
planaltina,2024-03-25,28
planaltina,2024-03-26,24
planaltina,2024-03-27,26
planaltina,2024-03-28,23
planaltina,2024-03-29,29
planaltina,2024-03-30,10
planaltina,2024-03-31,12
planaltina,2024-04-01,23
planaltina,2024-04-02,22
planaltina,2024-04-03,19
planaltina,2024-04-04,17
planaltina,2024-04-05,15
planaltina,2024-04-06,10
planaltina,2024-04-07,9
planaltina,2024-04-08,19
planaltina,2024-04-09,17
planaltina,2024-04-10,11
planaltina,2024-04-11,9
planaltina,2024-04-12,13
planaltina,2024-04-13,11
planaltina,2024-04-14,9
planaltina,2024-04-15,12
planaltina,2024-04-16,12
planaltina,2024-04-17,8
planaltina,2024-04-18,9
planaltina,2024-04-19,9
planaltina,2024-04-20,10
planaltina,2024-04-21,7
planaltina,2024-04-22,14
planaltina,2024-04-23,10
planaltina,2024-04-24,7
planaltina,2024-04-25,9
planaltina,2024-04-26,11
planaltina,2024-04-27,4
planaltina,2024-04-28,8
planaltina,2024-04-29,12
planaltina,2024-04-30,11
planaltina,2024-05-01,12
plano_piloto,2024-02-19,73
plano_piloto,2024-02-20,67
plano_piloto,2024-02-21,69
plano_piloto,2024-02-22,65
plano_piloto,2024-02-23,57
plano_piloto,2024-02-24,45
plano_piloto,2024-02-25,34
plano_piloto,2024-02-26,54
plano_piloto,2024-02-27,55
plano_piloto,2024-02-28,44
plano_piloto,2024-02-29,33
plano_piloto,2024-03-01,33
plano_piloto,2024-03-02,37
plano_piloto,2024-03-03,34
plano_piloto,2024-03-04,55
plano_piloto,2024-03-05,47
plano_piloto,2024-03-06,43
plano_piloto,2024-03-07,38
plano_piloto,2024-03-08,51
plano_piloto,2024-03-09,39
plano_piloto,2024-03-10,32
plano_piloto,2024-03-11,53
plano_piloto,2024-03-12,42
plano_piloto,2024-03-13,41
plano_piloto,2024-03-14,37
plano_piloto,2024-03-15,50
plano_piloto,2024-03-16,39
plano_piloto,2024-03-17,29
plano_piloto,2024-03-18,49
plano_piloto,2024-03-19,50
plano_piloto,2024-03-20,47
plano_piloto,2024-03-21,39
plano_piloto,2024-03-22,47
plano_piloto,2024-03-23,38
plano_piloto,2024-03-24,29
plano_piloto,2024-03-25,55
plano_piloto,2024-03-26,47
plano_piloto,2024-03-27,45
plano_piloto,2024-03-28,37
plano_piloto,2024-03-29,53
plano_piloto,2024-03-30,35
plano_piloto,2024-03-31,27
plano_piloto,2024-04-01,45
plano_piloto,2024-04-02,48
plano_piloto,2024-04-03,35
plano_piloto,2024-04-04,33
plano_piloto,2024-04-05,41
plano_piloto,2024-04-06,32
plano_piloto,2024-04-07,29
plano_piloto,2024-04-08,47
plano_piloto,2024-04-09,45
plano_piloto,2024-04-10,35
plano_piloto,2024-04-11,29
plano_piloto,2024-04-12,39
plano_piloto,2024-04-13,35
plano_piloto,2024-04-14,25
plano_piloto,2024-04-15,48
plano_piloto,2024-04-16,46
plano_piloto,2024-04-17,36
plano_piloto,2024-04-18,28
plano_piloto,2024-04-19,38
plano_piloto,2024-04-20,38
plano_piloto,2024-04-21,25
plano_piloto,2024-04-22,41
plano_piloto,2024-04-23,36
plano_piloto,2024-04-24,31
plano_piloto,2024-04-25,30
plano_piloto,2024-04-26,38
plano_piloto,2024-04-27,31
plano_piloto,2024-04-28,25
plano_piloto,2024-04-29,40
plano_piloto,2024-04-30,40
plano_piloto,2024-05-01,38
por_do_sol,2024-02-17,1
por_do_sol,2024-02-18,1
por_do_sol,2024-02-19,1
por_do_sol,2024-02-20,1
por_do_sol,2024-02-21,1
por_do_sol,2024-02-22,1
por_do_sol,2024-02-23,1
por_do_sol,2024-02-24,1
por_do_sol,2024-02-25,1
por_do_sol,2024-02-26,1
por_do_sol,2024-02-27,1
por_do_sol,2024-02-28,1
por_do_sol,2024-02-29,1
por_do_sol,2024-03-01,1
por_do_sol,2024-03-02,1
por_do_sol,2024-03-03,1
por_do_sol,2024-03-04,2
por_do_sol,2024-03-05,1
por_do_sol,2024-03-06,1
por_do_sol,2024-03-07,1
por_do_sol,2024-03-08,1
por_do_sol,2024-03-09,1
por_do_sol,2024-03-10,1
por_do_sol,2024-03-11,2
por_do_sol,2024-03-12,1
por_do_sol,2024-03-13,1
por_do_sol,2024-03-14,1
por_do_sol,2024-03-15,1
por_do_sol,2024-03-16,1
por_do_sol,2024-03-17,1
por_do_sol,2024-03-18,2
por_do_sol,2024-03-19,1
por_do_sol,2024-03-20,1
por_do_sol,2024-03-21,1
por_do_sol,2024-03-22,1
por_do_sol,2024-03-23,1
por_do_sol,2024-03-24,1
por_do_sol,2024-03-25,2
por_do_sol,2024-03-26,1
por_do_sol,2024-03-27,1
por_do_sol,2024-03-28,1
por_do_sol,2024-03-29,1
por_do_sol,2024-03-30,1
por_do_sol,2024-03-31,1
por_do_sol,2024-04-01,2
por_do_sol,2024-04-02,1
por_do_sol,2024-04-03,1
por_do_sol,2024-04-04,1
por_do_sol,2024-04-05,1
por_do_sol,2024-04-06,1
por_do_sol,2024-04-07,1
por_do_sol,2024-04-08,2
por_do_sol,2024-04-09,1
por_do_sol,2024-04-10,1
por_do_sol,2024-04-11,1
por_do_sol,2024-04-12,1
por_do_sol,2024-04-13,1
por_do_sol,2024-04-14,1
por_do_sol,2024-04-15,2
por_do_sol,2024-04-16,1
por_do_sol,2024-04-17,1
por_do_sol,2024-04-18,1
por_do_sol,2024-04-19,1
por_do_sol,2024-04-20,1
por_do_sol,2024-04-21,1
por_do_sol,2024-04-22,2
por_do_sol,2024-04-23,1
por_do_sol,2024-04-24,1
por_do_sol,2024-04-25,1
por_do_sol,2024-04-26,1
por_do_sol,2024-04-27,1
por_do_sol,2024-04-28,1
por_do_sol,2024-04-29,2
recanto_das_emas,2024-02-18,2
recanto_das_emas,2024-02-19,2
recanto_das_emas,2024-02-20,2
recanto_das_emas,2024-02-21,2
recanto_das_emas,2024-02-22,2
recanto_das_emas,2024-02-23,2
recanto_das_emas,2024-02-24,2
recanto_das_emas,2024-02-25,1
recanto_das_emas,2024-02-26,2
recanto_das_emas,2024-02-27,2
recanto_das_emas,2024-02-28,2
recanto_das_emas,2024-02-29,2
recanto_das_emas,2024-03-01,2
recanto_das_emas,2024-03-02,2
recanto_das_emas,2024-03-03,1
recanto_das_emas,2024-03-04,2
recanto_das_emas,2024-03-05,2
recanto_das_emas,2024-03-06,2
recanto_das_emas,2024-03-07,2
recanto_das_emas,2024-03-08,2
recanto_das_emas,2024-03-09,1
recanto_das_emas,2024-03-10,1
recanto_das_emas,2024-03-11,2
recanto_das_emas,2024-03-12,2
recanto_das_emas,2024-03-13,2
recanto_das_emas,2024-03-14,1
recanto_das_emas,2024-03-15,1
recanto_das_emas,2024-03-16,1
recanto_das_emas,2024-03-17,1
recanto_das_emas,2024-03-18,2
recanto_das_emas,2024-03-19,1
recanto_das_emas,2024-03-20,1
recanto_das_emas,2024-03-21,1
recanto_das_emas,2024-03-22,1
recanto_das_emas,2024-03-23,1
recanto_das_emas,2024-03-24,1
recanto_das_emas,2024-03-25,2
recanto_das_emas,2024-03-26,1
recanto_das_emas,2024-03-27,1
recanto_das_emas,2024-03-28,1
recanto_das_emas,2024-03-29,1
recanto_das_emas,2024-03-30,1
recanto_das_emas,2024-03-31,1
recanto_das_emas,2024-04-01,2
recanto_das_emas,2024-04-02,2
recanto_das_emas,2024-04-03,1
recanto_das_emas,2024-04-04,1
recanto_das_emas,2024-04-05,1
recanto_das_emas,2024-04-06,1
recanto_das_emas,2024-04-07,1
recanto_das_emas,2024-04-08,2
recanto_das_emas,2024-04-09,1
recanto_das_emas,2024-04-10,1
recanto_das_emas,2024-04-11,1
recanto_das_emas,2024-04-12,1
recanto_das_emas,2024-04-13,1
recanto_das_emas,2024-04-14,1
recanto_das_emas,2024-04-15,2
recanto_das_emas,2024-04-16,1
recanto_das_emas,2024-04-17,1
recanto_das_emas,2024-04-18,1
recanto_das_emas,2024-04-19,1
recanto_das_emas,2024-04-20,1
recanto_das_emas,2024-04-21,1
recanto_das_emas,2024-04-22,2
recanto_das_emas,2024-04-23,1
recanto_das_emas,2024-04-24,1
recanto_das_emas,2024-04-25,1
recanto_das_emas,2024-04-26,1
recanto_das_emas,2024-04-27,1
recanto_das_emas,2024-04-28,1
recanto_das_emas,2024-04-29,2
recanto_das_emas,2024-04-30,1
riacho_fundo,2024-02-19,2
riacho_fundo,2024-02-20,2
riacho_fundo,2024-02-21,2
riacho_fundo,2024-02-22,2
riacho_fundo,2024-02-23,2
riacho_fundo,2024-02-24,2
riacho_fundo,2024-02-25,1
riacho_fundo,2024-02-26,2
riacho_fundo,2024-02-27,2
riacho_fundo,2024-02-28,2
riacho_fundo,2024-02-29,2
riacho_fundo,2024-03-01,2
riacho_fundo,2024-03-02,1
riacho_fundo,2024-03-03,1
riacho_fundo,2024-03-04,2
riacho_fundo,2024-03-05,2
riacho_fundo,2024-03-06,2
riacho_fundo,2024-03-07,1
riacho_fundo,2024-03-08,1
riacho_fundo,2024-03-09,1
riacho_fundo,2024-03-10,1
riacho_fundo,2024-03-11,2
riacho_fundo,2024-03-12,1
riacho_fundo,2024-03-13,1
riacho_fundo,2024-03-14,1
riacho_fundo,2024-03-15,1
riacho_fundo,2024-03-16,1
riacho_fundo,2024-03-17,1
riacho_fundo,2024-03-18,2
riacho_fundo,2024-03-19,1
riacho_fundo,2024-03-20,1
riacho_fundo,2024-03-21,1
riacho_fundo,2024-03-22,1
riacho_fundo,2024-03-23,1
riacho_fundo,2024-03-24,1
riacho_fundo,2024-03-25,2
riacho_fundo,2024-03-26,1
riacho_fundo,2024-03-27,1
riacho_fundo,2024-03-28,1
riacho_fundo,2024-03-29,1
riacho_fundo,2024-03-30,1
riacho_fundo,2024-03-31,1
riacho_fundo,2024-04-01,2
riacho_fundo,2024-04-02,1
riacho_fundo,2024-04-03,1
riacho_fundo,2024-04-04,1
riacho_fundo,2024-04-05,1
riacho_fundo,2024-04-06,1
riacho_fundo,2024-04-07,1
riacho_fundo,2024-04-08,2
riacho_fundo,2024-04-09,1
riacho_fundo,2024-04-10,1
riacho_fundo,2024-04-11,1
riacho_fundo,2024-04-12,1
riacho_fundo,2024-04-13,1
riacho_fundo,2024-04-14,1
riacho_fundo,2024-04-15,2
riacho_fundo,2024-04-16,1
riacho_fundo,2024-04-17,1
riacho_fundo,2024-04-18,1
riacho_fundo,2024-04-19,1
riacho_fundo,2024-04-20,1
riacho_fundo,2024-04-21,1
riacho_fundo,2024-04-22,2
riacho_fundo,2024-04-23,1
riacho_fundo,2024-04-24,1
riacho_fundo,2024-04-25,1
riacho_fundo,2024-04-26,1
riacho_fundo,2024-04-27,1
riacho_fundo,2024-04-28,1
riacho_fundo,2024-04-29,2
riacho_fundo,2024-04-30,1
riacho_fundo,2024-05-01,2
riacho_fundo_ii,2024-02-19,2
riacho_fundo_ii,2024-02-20,2
riacho_fundo_ii,2024-02-21,2
riacho_fundo_ii,2024-02-22,2
riacho_fundo_ii,2024-02-23,1
riacho_fundo_ii,2024-02-24,1
riacho_fundo_ii,2024-02-25,1
riacho_fundo_ii,2024-02-26,2
riacho_fundo_ii,2024-02-27,2
riacho_fundo_ii,2024-02-28,1
riacho_fundo_ii,2024-02-29,1
riacho_fundo_ii,2024-03-01,1
riacho_fundo_ii,2024-03-02,1
riacho_fundo_ii,2024-03-03,1
riacho_fundo_ii,2024-03-04,2
riacho_fundo_ii,2024-03-05,1
riacho_fundo_ii,2024-03-06,1
riacho_fundo_ii,2024-03-07,1
riacho_fundo_ii,2024-03-08,1
riacho_fundo_ii,2024-03-09,1
riacho_fundo_ii,2024-03-10,1
riacho_fundo_ii,2024-03-11,2
riacho_fundo_ii,2024-03-12,1
riacho_fundo_ii,2024-03-13,1
riacho_fundo_ii,2024-03-14,1
riacho_fundo_ii,2024-03-15,1
riacho_fundo_ii,2024-03-16,1
riacho_fundo_ii,2024-03-17,1
riacho_fundo_ii,2024-03-18,2
riacho_fundo_ii,2024-03-19,1
riacho_fundo_ii,2024-03-20,1
riacho_fundo_ii,2024-03-21,1
riacho_fundo_ii,2024-03-22,1
riacho_fundo_ii,2024-03-23,1
riacho_fundo_ii,2024-03-24,1
riacho_fundo_ii,2024-03-25,2
riacho_fundo_ii,2024-03-26,1
riacho_fundo_ii,2024-03-27,1
riacho_fundo_ii,2024-03-28,1
riacho_fundo_ii,2024-03-29,1
riacho_fundo_ii,2024-03-30,1
riacho_fundo_ii,2024-03-31,1
riacho_fundo_ii,2024-04-01,2
riacho_fundo_ii,2024-04-02,1
riacho_fundo_ii,2024-04-03,1
riacho_fundo_ii,2024-04-04,1
riacho_fundo_ii,2024-04-05,1
riacho_fundo_ii,2024-04-06,1
riacho_fundo_ii,2024-04-07,1
riacho_fundo_ii,2024-04-08,2
riacho_fundo_ii,2024-04-09,1
riacho_fundo_ii,2024-04-10,1
riacho_fundo_ii,2024-04-11,1
riacho_fundo_ii,2024-04-12,1
riacho_fundo_ii,2024-04-13,1
riacho_fundo_ii,2024-04-14,1
riacho_fundo_ii,2024-04-15,2
riacho_fundo_ii,2024-04-16,1
riacho_fundo_ii,2024-04-17,1
riacho_fundo_ii,2024-04-18,1
riacho_fundo_ii,2024-04-19,1
riacho_fundo_ii,2024-04-20,1
riacho_fundo_ii,2024-04-21,1
riacho_fundo_ii,2024-04-22,2
riacho_fundo_ii,2024-04-23,1
riacho_fundo_ii,2024-04-24,1
riacho_fundo_ii,2024-04-25,1
riacho_fundo_ii,2024-04-26,1
riacho_fundo_ii,2024-04-27,1
riacho_fundo_ii,2024-04-28,1
riacho_fundo_ii,2024-04-29,2
riacho_fundo_ii,2024-04-30,1
riacho_fundo_ii,2024-05-01,1
samambaia,2024-02-18,5
samambaia,2024-02-19,9
samambaia,2024-02-20,8
samambaia,2024-02-21,8
samambaia,2024-02-22,8
samambaia,2024-02-23,7
samambaia,2024-02-24,6
samambaia,2024-02-25,5
samambaia,2024-02-26,8
samambaia,2024-02-27,8
samambaia,2024-02-28,8
samambaia,2024-02-29,8
samambaia,2024-03-01,8
samambaia,2024-03-02,6
samambaia,2024-03-03,5
samambaia,2024-03-04,9
samambaia,2024-03-05,7
samambaia,2024-03-06,7
samambaia,2024-03-07,7
samambaia,2024-03-08,7
samambaia,2024-03-09,6
samambaia,2024-03-10,5
samambaia,2024-03-11,8
samambaia,2024-03-12,7
samambaia,2024-03-13,7
samambaia,2024-03-14,7
samambaia,2024-03-15,7
samambaia,2024-03-16,6
samambaia,2024-03-17,5
samambaia,2024-03-18,9
samambaia,2024-03-19,7
samambaia,2024-03-20,7
samambaia,2024-03-21,7
samambaia,2024-03-22,7
samambaia,2024-03-23,6
samambaia,2024-03-24,5
samambaia,2024-03-25,8
samambaia,2024-03-26,7
samambaia,2024-03-27,7
samambaia,2024-03-28,7
samambaia,2024-03-29,7
samambaia,2024-03-30,6
samambaia,2024-03-31,5
samambaia,2024-04-01,9
samambaia,2024-04-02,7
samambaia,2024-04-03,7
samambaia,2024-04-04,7
samambaia,2024-04-05,7
samambaia,2024-04-06,6
samambaia,2024-04-07,5
samambaia,2024-04-08,8
samambaia,2024-04-09,7
samambaia,2024-04-10,7
samambaia,2024-04-11,7
samambaia,2024-04-12,7
samambaia,2024-04-13,6
samambaia,2024-04-14,5
samambaia,2024-04-15,9
samambaia,2024-04-16,7
samambaia,2024-04-17,7
samambaia,2024-04-18,7
samambaia,2024-04-19,7
samambaia,2024-04-20,6
samambaia,2024-04-21,5
samambaia,2024-04-22,8
samambaia,2024-04-23,7
samambaia,2024-04-24,7
samambaia,2024-04-25,7
samambaia,2024-04-26,7
samambaia,2024-04-27,6
samambaia,2024-04-28,5
samambaia,2024-04-29,9
samambaia,2024-04-30,7
santa_maria,2024-02-19,6
santa_maria,2024-02-20,6
santa_maria,2024-02-21,6
santa_maria,2024-02-22,5
santa_maria,2024-02-23,5
santa_maria,2024-02-24,4
santa_maria,2024-02-25,3
santa_maria,2024-02-26,6
santa_maria,2024-02-27,5
santa_maria,2024-02-28,5
santa_maria,2024-02-29,5
santa_maria,2024-03-01,5
santa_maria,2024-03-02,4
santa_maria,2024-03-03,3
santa_maria,2024-03-04,5
santa_maria,2024-03-05,4
santa_maria,2024-03-06,4
santa_maria,2024-03-07,4
santa_maria,2024-03-08,4
santa_maria,2024-03-09,3
santa_maria,2024-03-10,3
santa_maria,2024-03-11,5
santa_maria,2024-03-12,4
santa_maria,2024-03-13,3
santa_maria,2024-03-14,3
santa_maria,2024-03-15,3
santa_maria,2024-03-16,3
santa_maria,2024-03-17,2
santa_maria,2024-03-18,3
santa_maria,2024-03-19,3
santa_maria,2024-03-20,3
santa_maria,2024-03-21,3
santa_maria,2024-03-22,3
santa_maria,2024-03-23,2
santa_maria,2024-03-24,2
santa_maria,2024-03-25,3
santa_maria,2024-03-26,3
santa_maria,2024-03-27,3
santa_maria,2024-03-28,3
santa_maria,2024-03-29,3
santa_maria,2024-03-30,2
santa_maria,2024-03-31,2
santa_maria,2024-04-01,3
santa_maria,2024-04-02,3
santa_maria,2024-04-03,3
santa_maria,2024-04-04,3
santa_maria,2024-04-05,3
santa_maria,2024-04-06,2
santa_maria,2024-04-07,2
santa_maria,2024-04-08,3
santa_maria,2024-04-09,3
santa_maria,2024-04-10,3
santa_maria,2024-04-11,3
santa_maria,2024-04-12,3
santa_maria,2024-04-13,2
santa_maria,2024-04-14,2
santa_maria,2024-04-15,3
santa_maria,2024-04-16,3
santa_maria,2024-04-17,3
santa_maria,2024-04-18,3
santa_maria,2024-04-19,3
santa_maria,2024-04-20,2
santa_maria,2024-04-21,2
santa_maria,2024-04-22,3
santa_maria,2024-04-23,3
santa_maria,2024-04-24,3
santa_maria,2024-04-25,3
santa_maria,2024-04-26,3
santa_maria,2024-04-27,2
santa_maria,2024-04-28,2
santa_maria,2024-04-29,3
santa_maria,2024-04-30,3
santa_maria,2024-05-01,3
sao_sebastiao,2024-02-18,2
sao_sebastiao,2024-02-19,3
sao_sebastiao,2024-02-20,3
sao_sebastiao,2024-02-21,3
sao_sebastiao,2024-02-22,3
sao_sebastiao,2024-02-23,3
sao_sebastiao,2024-02-24,3
sao_sebastiao,2024-02-25,2
sao_sebastiao,2024-02-26,3
sao_sebastiao,2024-02-27,3
sao_sebastiao,2024-02-28,3
sao_sebastiao,2024-02-29,3
sao_sebastiao,2024-03-01,3
sao_sebastiao,2024-03-02,2
sao_sebastiao,2024-03-03,2
sao_sebastiao,2024-03-04,3
sao_sebastiao,2024-03-05,3
sao_sebastiao,2024-03-06,2
sao_sebastiao,2024-03-07,2
sao_sebastiao,2024-03-08,2
sao_sebastiao,2024-03-09,2
sao_sebastiao,2024-03-10,2
sao_sebastiao,2024-03-11,3
sao_sebastiao,2024-03-12,2
sao_sebastiao,2024-03-13,2
sao_sebastiao,2024-03-14,2
sao_sebastiao,2024-03-15,2
sao_sebastiao,2024-03-16,2
sao_sebastiao,2024-03-17,1
sao_sebastiao,2024-03-18,2
sao_sebastiao,2024-03-19,2
sao_sebastiao,2024-03-20,2
sao_sebastiao,2024-03-21,2
sao_sebastiao,2024-03-22,2
sao_sebastiao,2024-03-23,2
sao_sebastiao,2024-03-24,1
sao_sebastiao,2024-03-25,2
sao_sebastiao,2024-03-26,2
sao_sebastiao,2024-03-27,2
sao_sebastiao,2024-03-28,2
sao_sebastiao,2024-03-29,2
sao_sebastiao,2024-03-30,1
sao_sebastiao,2024-03-31,1
sao_sebastiao,2024-04-01,2
sao_sebastiao,2024-04-02,2
sao_sebastiao,2024-04-03,2
sao_sebastiao,2024-04-04,2
sao_sebastiao,2024-04-05,2
sao_sebastiao,2024-04-06,1
sao_sebastiao,2024-04-07,1
sao_sebastiao,2024-04-08,2
sao_sebastiao,2024-04-09,2
sao_sebastiao,2024-04-10,2
sao_sebastiao,2024-04-11,2
sao_sebastiao,2024-04-12,2
sao_sebastiao,2024-04-13,1
sao_sebastiao,2024-04-14,1
sao_sebastiao,2024-04-15,2
sao_sebastiao,2024-04-16,2
sao_sebastiao,2024-04-17,2
sao_sebastiao,2024-04-18,2
sao_sebastiao,2024-04-19,2
sao_sebastiao,2024-04-20,1
sao_sebastiao,2024-04-21,1
sao_sebastiao,2024-04-22,2
sao_sebastiao,2024-04-23,2
sao_sebastiao,2024-04-24,2
sao_sebastiao,2024-04-25,2
sao_sebastiao,2024-04-26,2
sao_sebastiao,2024-04-27,1
sao_sebastiao,2024-04-28,1
sao_sebastiao,2024-04-29,2
sao_sebastiao,2024-04-30,2
scia,2024-02-13,1
scia,2024-02-14,1
scia,2024-02-15,1
scia,2024-02-16,1
scia,2024-02-17,1
scia,2024-02-18,1
scia,2024-02-19,2
scia,2024-02-20,1
scia,2024-02-21,1
scia,2024-02-22,1
scia,2024-02-23,1
scia,2024-02-24,1
scia,2024-02-25,1
scia,2024-02-26,2
scia,2024-02-27,1
scia,2024-02-28,1
scia,2024-02-29,1
scia,2024-03-01,1
scia,2024-03-02,1
scia,2024-03-03,1
scia,2024-03-04,2
scia,2024-03-05,1
scia,2024-03-06,1
scia,2024-03-07,1
scia,2024-03-08,1
scia,2024-03-09,1
scia,2024-03-10,1
scia,2024-03-11,2
scia,2024-03-12,1
scia,2024-03-13,1
scia,2024-03-14,1
scia,2024-03-15,1
scia,2024-03-16,1
scia,2024-03-17,1
scia,2024-03-18,2
scia,2024-03-19,1
scia,2024-03-20,1
scia,2024-03-21,1
scia,2024-03-22,1
scia,2024-03-23,1
scia,2024-03-24,1
scia,2024-03-25,2
scia,2024-03-26,1
scia,2024-03-27,1
scia,2024-03-28,1
scia,2024-03-29,1
scia,2024-03-30,1
scia,2024-03-31,1
scia,2024-04-01,2
scia,2024-04-02,1
scia,2024-04-03,1
scia,2024-04-04,1
scia,2024-04-05,1
scia,2024-04-06,1
scia,2024-04-07,1
scia,2024-04-08,2
scia,2024-04-09,1
scia,2024-04-10,1
scia,2024-04-11,1
scia,2024-04-12,1
scia,2024-04-13,1
scia,2024-04-14,1
scia,2024-04-15,2
scia,2024-04-16,1
scia,2024-04-17,1
scia,2024-04-18,1
scia,2024-04-19,1
scia,2024-04-20,1
scia,2024-04-21,1
scia,2024-04-22,2
scia,2024-04-23,1
scia,2024-04-24,1
scia,2024-04-25,1
sia,2024-02-17,1
sia,2024-02-18,1
sia,2024-02-19,1
sia,2024-02-20,1
sia,2024-02-21,1
sia,2024-02-22,1
sia,2024-02-23,1
sia,2024-02-24,1
sia,2024-02-25,1
sia,2024-02-26,2
sia,2024-02-27,1
sia,2024-02-28,1
sia,2024-02-29,1
sia,2024-03-01,1
sia,2024-03-02,1
sia,2024-03-03,1
sia,2024-03-04,2
sia,2024-03-05,1
sia,2024-03-06,1
sia,2024-03-07,1
sia,2024-03-08,1
sia,2024-03-09,1
sia,2024-03-10,1
sia,2024-03-11,2
sia,2024-03-12,1
sia,2024-03-13,1
sia,2024-03-14,1
sia,2024-03-15,1
sia,2024-03-16,1
sia,2024-03-17,1
sia,2024-03-18,2
sia,2024-03-19,1
sia,2024-03-20,1
sia,2024-03-21,1
sia,2024-03-22,1
sia,2024-03-23,1
sia,2024-03-24,1
sia,2024-03-25,2
sia,2024-03-26,1
sia,2024-03-27,1
sia,2024-03-28,1
sia,2024-03-29,1
sia,2024-03-30,1
sia,2024-03-31,1
sia,2024-04-01,2
sia,2024-04-02,1
sia,2024-04-03,1
sia,2024-04-04,1
sia,2024-04-05,1
sia,2024-04-06,1
sia,2024-04-07,1
sia,2024-04-08,2
sia,2024-04-09,1
sia,2024-04-10,1
sia,2024-04-11,1
sia,2024-04-12,1
sia,2024-04-13,1
sia,2024-04-14,1
sia,2024-04-15,2
sia,2024-04-16,1
sia,2024-04-17,1
sia,2024-04-18,1
sia,2024-04-19,1
sia,2024-04-20,1
sia,2024-04-21,1
sia,2024-04-22,2
sia,2024-04-23,1
sia,2024-04-24,1
sia,2024-04-25,1
sia,2024-04-26,1
sia,2024-04-27,1
sia,2024-04-28,1
sia,2024-04-29,2
sistema_penitenciario,2022-07-04,3
sistema_penitenciario,2022-07-05,3
sistema_penitenciario,2022-07-06,2
sistema_penitenciario,2022-07-07,2
sistema_penitenciario,2022-07-08,3
sistema_penitenciario,2022-07-09,3
sistema_penitenciario,2022-07-10,1
sistema_penitenciario,2022-07-11,2
sistema_penitenciario,2022-07-12,2
sistema_penitenciario,2022-07-13,2
sistema_penitenciario,2022-07-14,2
sistema_penitenciario,2022-07-15,2
sistema_penitenciario,2022-07-16,2
sistema_penitenciario,2022-07-17,1
sistema_penitenciario,2022-07-18,2
sistema_penitenciario,2022-07-19,2
sistema_penitenciario,2022-07-20,2
sistema_penitenciario,2022-07-21,1
sistema_penitenciario,2022-07-22,1
sistema_penitenciario,2022-07-23,1
sistema_penitenciario,2022-07-24,1
sistema_penitenciario,2022-07-25,2
sistema_penitenciario,2022-07-26,1
sistema_penitenciario,2022-07-27,1
sistema_penitenciario,2022-07-28,1
sistema_penitenciario,2022-07-29,1
sistema_penitenciario,2022-07-30,1
sistema_penitenciario,2022-07-31,1
sistema_penitenciario,2022-08-01,2
sistema_penitenciario,2022-08-02,1
sistema_penitenciario,2022-08-03,1
sistema_penitenciario,2022-08-04,1
sistema_penitenciario,2022-08-05,1
sistema_penitenciario,2022-08-06,1
sistema_penitenciario,2022-08-07,1
sistema_penitenciario,2022-08-08,2
sistema_penitenciario,2022-08-09,1
sistema_penitenciario,2022-08-10,1
sistema_penitenciario,2022-08-11,1
sistema_penitenciario,2022-08-12,1
sistema_penitenciario,2022-08-13,1
sistema_penitenciario,2022-08-14,1
sistema_penitenciario,2022-08-15,2
sistema_penitenciario,2022-08-16,1
sistema_penitenciario,2022-08-17,1
sistema_penitenciario,2022-08-18,1
sistema_penitenciario,2022-08-19,1
sistema_penitenciario,2022-08-20,1
sistema_penitenciario,2022-08-21,1
sistema_penitenciario,2022-08-22,2
sistema_penitenciario,2022-08-23,1
sistema_penitenciario,2022-08-24,1
sistema_penitenciario,2022-08-25,1
sistema_penitenciario,2022-08-26,1
sistema_penitenciario,2022-08-27,1
sistema_penitenciario,2022-08-28,1
sistema_penitenciario,2022-08-29,2
sistema_penitenciario,2022-08-30,1
sistema_penitenciario,2022-08-31,1
sistema_penitenciario,2022-09-01,1
sistema_penitenciario,2022-09-02,1
sistema_penitenciario,2022-09-03,1
sistema_penitenciario,2022-09-04,1
sistema_penitenciario,2022-09-05,2
sistema_penitenciario,2022-09-06,1
sistema_penitenciario,2022-09-07,1
sistema_penitenciario,2022-09-08,1
sistema_penitenciario,2022-09-09,1
sistema_penitenciario,2022-09-10,1
sistema_penitenciario,2022-09-11,1
sistema_penitenciario,2022-09-12,2
sistema_penitenciario,2022-09-13,1
sistema_penitenciario,2022-09-14,1
sobradinho,2024-02-18,10
sobradinho,2024-02-19,18
sobradinho,2024-02-20,20
sobradinho,2024-02-21,17
sobradinho,2024-02-22,14
sobradinho,2024-02-23,14
sobradinho,2024-02-24,10
sobradinho,2024-02-25,8
sobradinho,2024-02-26,17
sobradinho,2024-02-27,12
sobradinho,2024-02-28,16
sobradinho,2024-02-29,17
sobradinho,2024-03-01,15
sobradinho,2024-03-02,15
sobradinho,2024-03-03,13
sobradinho,2024-03-04,22
sobradinho,2024-03-05,20
sobradinho,2024-03-06,20
sobradinho,2024-03-07,15
sobradinho,2024-03-08,19
sobradinho,2024-03-09,17
sobradinho,2024-03-10,14
sobradinho,2024-03-11,22
sobradinho,2024-03-12,19
sobradinho,2024-03-13,16
sobradinho,2024-03-14,14
sobradinho,2024-03-15,21
sobradinho,2024-03-16,18
sobradinho,2024-03-17,15
sobradinho,2024-03-18,22
sobradinho,2024-03-19,23
sobradinho,2024-03-20,21
sobradinho,2024-03-21,17
sobradinho,2024-03-22,22
sobradinho,2024-03-23,21
sobradinho,2024-03-24,19
sobradinho,2024-03-25,32
sobradinho,2024-03-26,25
sobradinho,2024-03-27,21
sobradinho,2024-03-28,24
sobradinho,2024-03-29,27
sobradinho,2024-03-30,22
sobradinho,2024-03-31,21
sobradinho,2024-04-01,34
sobradinho,2024-04-02,19
sobradinho,2024-04-03,18
sobradinho,2024-04-04,19
sobradinho,2024-04-05,26
sobradinho,2024-04-06,17
sobradinho,2024-04-07,13
sobradinho,2024-04-08,22
sobradinho,2024-04-09,23
sobradinho,2024-04-10,20
sobradinho,2024-04-11,15
sobradinho,2024-04-12,17
sobradinho,2024-04-13,18
sobradinho,2024-04-14,15
sobradinho,2024-04-15,18
sobradinho,2024-04-16,18
sobradinho,2024-04-17,12
sobradinho,2024-04-18,13
sobradinho,2024-04-19,17
sobradinho,2024-04-20,10
sobradinho,2024-04-21,9
sobradinho,2024-04-22,15
sobradinho,2024-04-23,16
sobradinho,2024-04-24,13
sobradinho,2024-04-25,10
sobradinho,2024-04-26,9
sobradinho,2024-04-27,13
sobradinho,2024-04-28,11
sobradinho,2024-04-29,13
sobradinho,2024-04-30,12
sobradinho_ii,2024-02-19,3
sobradinho_ii,2024-02-20,3
sobradinho_ii,2024-02-21,3
sobradinho_ii,2024-02-22,2
sobradinho_ii,2024-02-23,2
sobradinho_ii,2024-02-24,2
sobradinho_ii,2024-02-25,1
sobradinho_ii,2024-02-26,2
sobradinho_ii,2024-02-27,2
sobradinho_ii,2024-02-28,2
sobradinho_ii,2024-02-29,2
sobradinho_ii,2024-03-01,2
sobradinho_ii,2024-03-02,2
sobradinho_ii,2024-03-03,1
sobradinho_ii,2024-03-04,2
sobradinho_ii,2024-03-05,2
sobradinho_ii,2024-03-06,2
sobradinho_ii,2024-03-07,2
sobradinho_ii,2024-03-08,2
sobradinho_ii,2024-03-09,1
sobradinho_ii,2024-03-10,1
sobradinho_ii,2024-03-11,2
sobradinho_ii,2024-03-12,2
sobradinho_ii,2024-03-13,2
sobradinho_ii,2024-03-14,1
sobradinho_ii,2024-03-15,1
sobradinho_ii,2024-03-16,1
sobradinho_ii,2024-03-17,1
sobradinho_ii,2024-03-18,2
sobradinho_ii,2024-03-19,1
sobradinho_ii,2024-03-20,1
sobradinho_ii,2024-03-21,1
sobradinho_ii,2024-03-22,1
sobradinho_ii,2024-03-23,1
sobradinho_ii,2024-03-24,1
sobradinho_ii,2024-03-25,2
sobradinho_ii,2024-03-26,1
sobradinho_ii,2024-03-27,1
sobradinho_ii,2024-03-28,1
sobradinho_ii,2024-03-29,1
sobradinho_ii,2024-03-30,1
sobradinho_ii,2024-03-31,1
sobradinho_ii,2024-04-01,2
sobradinho_ii,2024-04-02,1
sobradinho_ii,2024-04-03,1
sobradinho_ii,2024-04-04,1
sobradinho_ii,2024-04-05,1
sobradinho_ii,2024-04-06,1
sobradinho_ii,2024-04-07,1
sobradinho_ii,2024-04-08,2
sobradinho_ii,2024-04-09,1
sobradinho_ii,2024-04-10,1
sobradinho_ii,2024-04-11,1
sobradinho_ii,2024-04-12,1
sobradinho_ii,2024-04-13,1
sobradinho_ii,2024-04-14,1
sobradinho_ii,2024-04-15,2
sobradinho_ii,2024-04-16,1
sobradinho_ii,2024-04-17,1
sobradinho_ii,2024-04-18,1
sobradinho_ii,2024-04-19,1
sobradinho_ii,2024-04-20,1
sobradinho_ii,2024-04-21,1
sobradinho_ii,2024-04-22,2
sobradinho_ii,2024-04-23,1
sobradinho_ii,2024-04-24,1
sobradinho_ii,2024-04-25,1
sobradinho_ii,2024-04-26,1
sobradinho_ii,2024-04-27,1
sobradinho_ii,2024-04-28,1
sobradinho_ii,2024-04-29,2
sobradinho_ii,2024-04-30,1
sobradinho_ii,2024-05-01,2
sudoeste_octogonal,2024-02-19,10
sudoeste_octogonal,2024-02-20,11
sudoeste_octogonal,2024-02-21,12
sudoeste_octogonal,2024-02-22,11
sudoeste_octogonal,2024-02-23,12
sudoeste_octogonal,2024-02-24,9
sudoeste_octogonal,2024-02-25,7
sudoeste_octogonal,2024-02-26,20
sudoeste_octogonal,2024-02-27,15
sudoeste_octogonal,2024-02-28,15
sudoeste_octogonal,2024-02-29,13
sudoeste_octogonal,2024-03-01,16
sudoeste_octogonal,2024-03-02,11
sudoeste_octogonal,2024-03-03,6
sudoeste_octogonal,2024-03-04,13
sudoeste_octogonal,2024-03-05,17
sudoeste_octogonal,2024-03-06,14
sudoeste_octogonal,2024-03-07,14
sudoeste_octogonal,2024-03-08,13
sudoeste_octogonal,2024-03-09,14
sudoeste_octogonal,2024-03-10,12
sudoeste_octogonal,2024-03-11,20
sudoeste_octogonal,2024-03-12,20
sudoeste_octogonal,2024-03-13,19
sudoeste_octogonal,2024-03-14,20
sudoeste_octogonal,2024-03-15,20
sudoeste_octogonal,2024-03-16,16
sudoeste_octogonal,2024-03-17,11
sudoeste_octogonal,2024-03-18,27
sudoeste_octogonal,2024-03-19,23
sudoeste_octogonal,2024-03-20,21
sudoeste_octogonal,2024-03-21,20
sudoeste_octogonal,2024-03-22,26
sudoeste_octogonal,2024-03-23,20
sudoeste_octogonal,2024-03-24,18
sudoeste_octogonal,2024-03-25,32
sudoeste_octogonal,2024-03-26,26
sudoeste_octogonal,2024-03-27,24
sudoeste_octogonal,2024-03-28,23
sudoeste_octogonal,2024-03-29,27
sudoeste_octogonal,2024-03-30,20
sudoeste_octogonal,2024-03-31,17
sudoeste_octogonal,2024-04-01,28
sudoeste_octogonal,2024-04-02,14
sudoeste_octogonal,2024-04-03,23
sudoeste_octogonal,2024-04-04,20
sudoeste_octogonal,2024-04-05,22
sudoeste_octogonal,2024-04-06,16
sudoeste_octogonal,2024-04-07,16
sudoeste_octogonal,2024-04-08,26
sudoeste_octogonal,2024-04-09,23
sudoeste_octogonal,2024-04-10,18
sudoeste_octogonal,2024-04-11,14
sudoeste_octogonal,2024-04-12,14
sudoeste_octogonal,2024-04-13,16
sudoeste_octogonal,2024-04-14,16
sudoeste_octogonal,2024-04-15,21
sudoeste_octogonal,2024-04-16,18
sudoeste_octogonal,2024-04-17,15
sudoeste_octogonal,2024-04-18,13
sudoeste_octogonal,2024-04-19,17
sudoeste_octogonal,2024-04-20,14
sudoeste_octogonal,2024-04-21,12
sudoeste_octogonal,2024-04-22,18
sudoeste_octogonal,2024-04-23,14
sudoeste_octogonal,2024-04-24,14
sudoeste_octogonal,2024-04-25,13
sudoeste_octogonal,2024-04-26,17
sudoeste_octogonal,2024-04-27,11
sudoeste_octogonal,2024-04-28,10
sudoeste_octogonal,2024-04-29,16
sudoeste_octogonal,2024-04-30,17
sudoeste_octogonal,2024-05-01,19
taguatinga,2024-02-19,19
taguatinga,2024-02-20,14
taguatinga,2024-02-21,20
taguatinga,2024-02-22,13
taguatinga,2024-02-23,15
taguatinga,2024-02-24,15
taguatinga,2024-02-25,15
taguatinga,2024-02-26,19
taguatinga,2024-02-27,19
taguatinga,2024-02-28,16
taguatinga,2024-02-29,16
taguatinga,2024-03-01,20
taguatinga,2024-03-02,14
taguatinga,2024-03-03,13
taguatinga,2024-03-04,24
taguatinga,2024-03-05,22
taguatinga,2024-03-06,20
taguatinga,2024-03-07,17
taguatinga,2024-03-08,21
taguatinga,2024-03-09,16
taguatinga,2024-03-10,13
taguatinga,2024-03-11,25
taguatinga,2024-03-12,15
taguatinga,2024-03-13,15
taguatinga,2024-03-14,15
taguatinga,2024-03-15,14
taguatinga,2024-03-16,11
taguatinga,2024-03-17,6
taguatinga,2024-03-18,20
taguatinga,2024-03-19,16
taguatinga,2024-03-20,17
taguatinga,2024-03-21,10
taguatinga,2024-03-22,14
taguatinga,2024-03-23,13
taguatinga,2024-03-24,9
taguatinga,2024-03-25,16
taguatinga,2024-03-26,15
taguatinga,2024-03-27,11
taguatinga,2024-03-28,6
taguatinga,2024-03-29,8
taguatinga,2024-03-30,10
taguatinga,2024-03-31,6
taguatinga,2024-04-01,12
taguatinga,2024-04-02,10
taguatinga,2024-04-03,9
taguatinga,2024-04-04,6
taguatinga,2024-04-05,10
taguatinga,2024-04-06,8
taguatinga,2024-04-07,5
taguatinga,2024-04-08,9
taguatinga,2024-04-09,11
taguatinga,2024-04-10,8
taguatinga,2024-04-11,7
taguatinga,2024-04-12,7
taguatinga,2024-04-13,5
taguatinga,2024-04-14,3
taguatinga,2024-04-15,10
taguatinga,2024-04-16,6
taguatinga,2024-04-17,8
taguatinga,2024-04-18,5
taguatinga,2024-04-19,9
taguatinga,2024-04-20,6
taguatinga,2024-04-21,5
taguatinga,2024-04-22,9
taguatinga,2024-04-23,6
taguatinga,2024-04-24,5
taguatinga,2024-04-25,4
taguatinga,2024-04-26,6
taguatinga,2024-04-27,7
taguatinga,2024-04-28,4
taguatinga,2024-04-29,6
taguatinga,2024-04-30,5
taguatinga,2024-05-01,6
varjao,2024-02-15,1
varjao,2024-02-16,1
varjao,2024-02-17,1
varjao,2024-02-18,1
varjao,2024-02-19,1
varjao,2024-02-20,1
varjao,2024-02-21,1
varjao,2024-02-22,1
varjao,2024-02-23,1
varjao,2024-02-24,1
varjao,2024-02-25,1
varjao,2024-02-26,2
varjao,2024-02-27,1
varjao,2024-02-28,1
varjao,2024-02-29,1
varjao,2024-03-01,1
varjao,2024-03-02,1
varjao,2024-03-03,1
varjao,2024-03-04,2
varjao,2024-03-05,1
varjao,2024-03-06,1
varjao,2024-03-07,1
varjao,2024-03-08,1
varjao,2024-03-09,1
varjao,2024-03-10,1
varjao,2024-03-11,2
varjao,2024-03-12,1
varjao,2024-03-13,1
varjao,2024-03-14,1
varjao,2024-03-15,1
varjao,2024-03-16,1
varjao,2024-03-17,1
varjao,2024-03-18,2
varjao,2024-03-19,1
varjao,2024-03-20,1
varjao,2024-03-21,1
varjao,2024-03-22,1
varjao,2024-03-23,1
varjao,2024-03-24,1
varjao,2024-03-25,2
varjao,2024-03-26,1
varjao,2024-03-27,1
varjao,2024-03-28,1
varjao,2024-03-29,1
varjao,2024-03-30,1
varjao,2024-03-31,1
varjao,2024-04-01,2
varjao,2024-04-02,1
varjao,2024-04-03,1
varjao,2024-04-04,1
varjao,2024-04-05,1
varjao,2024-04-06,1
varjao,2024-04-07,1
varjao,2024-04-08,2
varjao,2024-04-09,1
varjao,2024-04-10,1
varjao,2024-04-11,1
varjao,2024-04-12,1
varjao,2024-04-13,1
varjao,2024-04-14,1
varjao,2024-04-15,2
varjao,2024-04-16,1
varjao,2024-04-17,1
varjao,2024-04-18,1
varjao,2024-04-19,1
varjao,2024-04-20,1
varjao,2024-04-21,1
varjao,2024-04-22,2
varjao,2024-04-23,1
varjao,2024-04-24,1
varjao,2024-04-25,1
varjao,2024-04-26,1
varjao,2024-04-27,1
vicente_pires,2024-02-18,4
vicente_pires,2024-02-19,6
vicente_pires,2024-02-20,6
vicente_pires,2024-02-21,6
vicente_pires,2024-02-22,5
vicente_pires,2024-02-23,5
vicente_pires,2024-02-24,5
vicente_pires,2024-02-25,4
vicente_pires,2024-02-26,7
vicente_pires,2024-02-27,6
vicente_pires,2024-02-28,6
vicente_pires,2024-02-29,6
vicente_pires,2024-03-01,6
vicente_pires,2024-03-02,5
vicente_pires,2024-03-03,4
vicente_pires,2024-03-04,7
vicente_pires,2024-03-05,6
vicente_pires,2024-03-06,5
vicente_pires,2024-03-07,5
vicente_pires,2024-03-08,5
vicente_pires,2024-03-09,4
vicente_pires,2024-03-10,4
vicente_pires,2024-03-11,7
vicente_pires,2024-03-12,6
vicente_pires,2024-03-13,5
vicente_pires,2024-03-14,5
vicente_pires,2024-03-15,5
vicente_pires,2024-03-16,4
vicente_pires,2024-03-17,3
vicente_pires,2024-03-18,6
vicente_pires,2024-03-19,5
vicente_pires,2024-03-20,5
vicente_pires,2024-03-21,5
vicente_pires,2024-03-22,5
vicente_pires,2024-03-23,4
vicente_pires,2024-03-24,3
vicente_pires,2024-03-25,5
vicente_pires,2024-03-26,5
vicente_pires,2024-03-27,4
vicente_pires,2024-03-28,4
vicente_pires,2024-03-29,4
vicente_pires,2024-03-30,3
vicente_pires,2024-03-31,3
vicente_pires,2024-04-01,5
vicente_pires,2024-04-02,4
vicente_pires,2024-04-03,4
vicente_pires,2024-04-04,3
vicente_pires,2024-04-05,3
vicente_pires,2024-04-06,3
vicente_pires,2024-04-07,2
vicente_pires,2024-04-08,4
vicente_pires,2024-04-09,3
vicente_pires,2024-04-10,3
vicente_pires,2024-04-11,3
vicente_pires,2024-04-12,3
vicente_pires,2024-04-13,3
vicente_pires,2024-04-14,2
vicente_pires,2024-04-15,3
vicente_pires,2024-04-16,3
vicente_pires,2024-04-17,3
vicente_pires,2024-04-18,3
vicente_pires,2024-04-19,3
vicente_pires,2024-04-20,2
vicente_pires,2024-04-21,2
vicente_pires,2024-04-22,3
vicente_pires,2024-04-23,3
vicente_pires,2024-04-24,3
vicente_pires,2024-04-25,3
vicente_pires,2024-04-26,3
vicente_pires,2024-04-27,2
vicente_pires,2024-04-28,2
vicente_pires,2024-04-29,3
vicente_pires,2024-04-30,3
